Name,Rating,Rating count,Link,Country,Genre,Director,Year,Time (min)
1+1,8.3,558254,https://www.kinopoisk.ru/film/535341/,Франция ,драма, Оливье Накаш,2011,112
Интерстеллар,8.2,105607,https://www.kinopoisk.ru/film/258687/,США ,фантастика, Кристофер Нолан,2014,169
Зеленая миля,8.1,90056,https://www.kinopoisk.ru/film/435/,США ,драма, Фрэнк Дарабонт,1999,189
Побег из Шоушенка,8.1,89611,https://www.kinopoisk.ru/film/326/,США ,драма, Фрэнк Дарабонт,1994,142
Бойцовский клуб,8.1,198488,https://www.kinopoisk.ru/film/361/,США ,триллер, Дэвид Финчер,1999,139
Остров проклятых,8.1,204318,https://www.kinopoisk.ru/film/397667/,США ,триллер, Мартин Скорсезе,2009,138
Форрест Гамп,8.1,79051,https://www.kinopoisk.ru/film/448/,США ,драма, Роберт Земекис,1994,142
Властелин колец: Возвращение короля,8.0,40202,https://www.kinopoisk.ru/film/3498/,Новая Зеландия ,фэнтези, Питер Джексон,2003,201
Леон,8.0,176086,https://www.kinopoisk.ru/film/389/,Франция ,боевик, Люк Бессон,1994,133
Начало,8.0,65414,https://www.kinopoisk.ru/film/447301/,США ,фантастика, Кристофер Нолан,2010,148
Унесённые призраками,8.0,88752,https://www.kinopoisk.ru/film/370/,Япония ,аниме, Хаяо Миядзаки,2001,125
Властелин колец: Братство Кольца,8.0,49629,https://www.kinopoisk.ru/film/328/,Новая Зеландия ,фэнтези, Питер Джексон,2001,178
Терминатор 2: Судный день,7.9,132650,https://www.kinopoisk.ru/film/444/,США ,фантастика, Джеймс Кэмерон,1991,137
Властелин колец: Две крепости,7.9,36905,https://www.kinopoisk.ru/film/312/,Новая Зеландия ,фэнтези, Питер Джексон,2002,179
Криминальное чтиво,7.9,63915,https://www.kinopoisk.ru/film/342/,США ,криминал, Квентин Тарантино,1994,154
Зеленая книга,7.9,274744,https://www.kinopoisk.ru/film/1108577/,США ,биография, Питер Фаррелли,2018,130
Достучаться до небес,7.9,129801,https://www.kinopoisk.ru/film/32898/,Германия ,драма, Томас Ян,1997,87
Шрэк,7.9,162609,https://www.kinopoisk.ru/film/430/,США ,мультфильм, Эндрю Адамсон,2001,90
Темный рыцарь,7.8,48581,https://www.kinopoisk.ru/film/111543/,США ,фантастика, Кристофер Нолан,2008,152
Тайна Коко,7.8,83528,https://www.kinopoisk.ru/film/679486/,США ,мультфильм, Ли Анкрич,2017,105
Список Шиндлера,7.8,31834,https://www.kinopoisk.ru/film/329/,США ,драма, Стивен Спилберг,1993,195
Джентльмены,7.8,439660,https://www.kinopoisk.ru/film/1143242/,США ,криминал, Гай Ричи,2019,113
Волк с Уолл-стрит,7.8,284687,https://www.kinopoisk.ru/film/462682/,США ,драма, Мартин Скорсезе,2013,180
Большой куш,7.8,54549,https://www.kinopoisk.ru/film/526/,Великобритания ,криминал, Гай Ричи,2000,104
Иван Васильевич меняет профессию,7.7,160629,https://www.kinopoisk.ru/film/42664/,СССР ,комедия, Леонид Гайдай,1973,88
Гладиатор,7.7,58996,https://www.kinopoisk.ru/film/474/,США ,история, Ридли Скотт,2000,155
Брат,7.7,365180,https://www.kinopoisk.ru/film/41519/,Россия ,драма, Алексей Балабанов,1997,100
"Поймай меня, если сможешь",7.7,77310,https://www.kinopoisk.ru/film/324/,США ,криминал, Стивен Спилберг,2002,141
Назад в будущее,7.7,45487,https://www.kinopoisk.ru/film/476/,США ,фантастика, Роберт Земекис,1985,116
Брат 2,7.7,228372,https://www.kinopoisk.ru/film/41520/,Россия ,боевик, Алексей Балабанов,2000,127
Собачье сердце,7.7,66289,https://www.kinopoisk.ru/film/77335/,СССР ,драма, Владимир Бортко,1988,136
Шрэк 2,7.7,133336,https://www.kinopoisk.ru/film/5273/,США ,мультфильм, Эндрю Адамсон,2004,93
Титаник,7.7,79048,https://www.kinopoisk.ru/film/2213/,США ,мелодрама, Джеймс Кэмерон,1997,194
Гарри Поттер и философский камень,7.7,111709,https://www.kinopoisk.ru/film/689/,Великобритания ,фэнтези, Крис Коламбус,2001,152
Престиж,7.6,35523,https://www.kinopoisk.ru/film/195334/,Великобритания ,триллер, Кристофер Нолан,2006,130
Дюна: Часть вторая,7.6,143295,https://www.kinopoisk.ru/film/4540126/,США ,фантастика, Дени Вильнёв,2024,166
Джентльмены удачи,7.6,124771,https://www.kinopoisk.ru/film/44386/,СССР ,комедия, Александр Серый,1971,84
Гордость и предубеждение,7.6,141533,https://www.kinopoisk.ru/film/81733/,Великобритания ,драма, Джо Райт,2005,129
Приключения Шерлока Холмса и доктора Ватсона: Собака Баскервилей,7.6,46105,https://www.kinopoisk.ru/film/77263/,СССР ,детектив, Игорь Масленников,1981,154
Одержимость,7.6,100189,https://www.kinopoisk.ru/film/725190/,США ,драма, Дэмьен Шазелл,2013,106
"Карты, деньги, два ствола",7.6,34005,https://www.kinopoisk.ru/film/522/,Великобритания ,боевик, Гай Ричи,1998,107
Операция «Ы» и другие приключения Шурика,7.6,159893,https://www.kinopoisk.ru/film/42782/,СССР ,комедия, Леонид Гайдай,1965,95
Матрица,7.6,48609,https://www.kinopoisk.ru/film/301/,США ,фантастика, Лана Вачовски,1999,136
Гарри Поттер и узник Азкабана,7.6,65962,https://www.kinopoisk.ru/film/322/,Великобритания ,фэнтези, Альфонсо Куарон,2004,142
Джанго освобожденный,7.6,53197,https://www.kinopoisk.ru/film/586397/,США ,вестерн, Квентин Тарантино,2012,165
Хатико: Самый верный друг,7.6,108414,https://www.kinopoisk.ru/film/387556/,США ,драма, Лассе Халльстрём,2008,89
Отступники,7.6,30748,https://www.kinopoisk.ru/film/81314/,США ,криминал, Мартин Скорсезе,2006,151
Малышка на миллион,7.6,64999,https://www.kinopoisk.ru/film/81297/,США ,драма, Клинт Иствуд,2004,132
Девчата,7.5,125990,https://www.kinopoisk.ru/film/44168/,СССР ,мелодрама, Юрий Чулюкин,1962,92
Апокалипсис,7.5,94085,https://www.kinopoisk.ru/film/160977/,США ,боевик, Мэл Гибсон,2006,139
Пираты Карибского моря: Проклятие Черной жемчужины,7.5,88898,https://www.kinopoisk.ru/film/4374/,США ,фэнтези, Гор Вербински,2003,143
Укрощение строптивого,7.5,105763,https://www.kinopoisk.ru/film/63912/,Италия ,мелодрама, Франко Кастеллано,1980,107
Бесславные ублюдки,7.5,52060,https://www.kinopoisk.ru/film/9691/,Германия ,боевик, Квентин Тарантино,2009,153
Вторая жизнь Уве,7.5,131183,https://www.kinopoisk.ru/film/848894/,Швеция ,драма, Ханнес Холм,2015,116
Шерлок Холмс и доктор Ватсон: Знакомство,7.5,53831,https://www.kinopoisk.ru/film/77269/,СССР ,криминал, Игорь Масленников,1979,68
Одна жизнь,7.5,111116,https://www.kinopoisk.ru/film/5105855/,Великобритания ,драма, Джеймс Хоуз,2023,109
Бриллиантовая рука,7.5,129317,https://www.kinopoisk.ru/film/46225/,СССР ,комедия, Леонид Гайдай,1968,94
Законопослушный гражданин,7.5,174309,https://www.kinopoisk.ru/film/406408/,США ,боевик, Ф. Гэри Грей,2009,108
Семь,7.5,41273,https://www.kinopoisk.ru/film/377/,США ,триллер, Дэвид Финчер,1995,127
Дело храбрых,7.5,102067,https://www.kinopoisk.ru/film/965754/,США ,драма, Джозеф Косински,2017,134
Мой Хатико,7.5,103009,https://www.kinopoisk.ru/film/4395219/,Китай ,драма, Сюй Ан,2023,125
Пианист,7.5,42731,https://www.kinopoisk.ru/film/355/,Франция ,драма, Роман Полански,2002,149
Пеле: Рождение легенды,7.5,136666,https://www.kinopoisk.ru/film/803422/,США ,биография, Джефф Цимбалист,2015,107
В августе 44-го,7.5,86166,https://www.kinopoisk.ru/film/41381/,Россия ,боевик, Михаил Пташук,2001,118
Пятый элемент,7.5,84008,https://www.kinopoisk.ru/film/2656/,Франция ,фантастика, Люк Бессон,1997,126
"Кавказская пленница, или Новые приключения Шурика",7.5,127668,https://www.kinopoisk.ru/film/44745/,СССР ,комедия, Леонид Гайдай,1966,82
Лев,7.5,87308,https://www.kinopoisk.ru/film/864138/,Австралия ,драма, Гарт Дэвис,2016,118
Белая птица: Новое чудо,7.5,152757,https://www.kinopoisk.ru/film/4384109/,США ,драма, Марк Форстер,2023,120
Люди в чёрном,7.5,109823,https://www.kinopoisk.ru/film/1091/,США ,фантастика, Барри Зонненфельд,1997,98
Шоу Трумана,7.5,53216,https://www.kinopoisk.ru/film/4541/,США ,драма, Питер Уир,1998,103
Иди и смотри,7.5,44257,https://www.kinopoisk.ru/film/42571/,СССР ,драма, Элем Климов,1985,136
Человек-паук: Паутина вселенных,7.5,89343,https://www.kinopoisk.ru/film/1219177/,США ,мультфильм, Жуакин Душ Сантуш,2023,140
Крик тишины,7.5,116016,https://www.kinopoisk.ru/film/1228407/,Россия ,драма, Владимир Потапов,2019,97
Омерзительная восьмерка,7.5,33972,https://www.kinopoisk.ru/film/819101/,США ,вестерн, Квентин Тарантино,2015,168
Счастливое число Слевина,7.5,91005,https://www.kinopoisk.ru/film/86326/,США ,триллер, Пол Макгиган,2005,110
Лекарь: Ученик Авиценны,7.5,147031,https://www.kinopoisk.ru/film/645276/,Германия ,приключения, Филипп Штёльцль,2013,155
Гарри Поттер и Дары Смерти: Часть II,7.5,46266,https://www.kinopoisk.ru/film/407636/,Великобритания ,фэнтези, Дэвид Йейтс,2011,130
Принцесса Мононоке,7.4,27408,https://www.kinopoisk.ru/film/441/,Япония ,аниме, Хаяо Миядзаки,1997,134
Лучшее предложение,7.4,146101,https://www.kinopoisk.ru/film/681849/,Италия ,триллер, Джузеппе Торнаторе,2012,131
Игры разума,7.4,28178,https://www.kinopoisk.ru/film/530/,США ,биография, Рон Ховард,2001,135
"Артур, ты король",7.4,317385,https://www.kinopoisk.ru/film/1402937/,США ,драма, Саймон Селлан Джонс,2024,107
Один дома,7.4,166758,https://www.kinopoisk.ru/film/8124/,США ,комедия, Крис Коламбус,1990,103
Гарри Поттер и Тайная комната,7.4,63442,https://www.kinopoisk.ru/film/688/,Великобритания ,фэнтези, Крис Коламбус,2002,161
...А зори здесь тихие,7.4,35731,https://www.kinopoisk.ru/film/43395/,СССР ,драма, Станислав Ростоцкий,1972,160
Оппенгеймер,7.4,241845,https://www.kinopoisk.ru/film/4664634/,США ,биография, Кристофер Нолан,2023,180
ВАЛЛ·И,7.4,69275,https://www.kinopoisk.ru/film/279102/,США ,мультфильм, Эндрю Стэнтон,2008,98
Области тьмы,7.4,145274,https://www.kinopoisk.ru/film/462606/,США ,триллер, Нил Бёргер,2011,105
Планета Ка-Пэкс,7.4,61446,https://www.kinopoisk.ru/film/723/,Германия ,фантастика, Иэн Софтли,2001,120
Москва слезам не верит,7.4,125116,https://www.kinopoisk.ru/film/46708/,СССР ,мелодрама, Владимир Меньшов,1979,150
Достать ножи,7.4,224548,https://www.kinopoisk.ru/film/1188529/,США ,детектив, Райан Джонсон,2019,130
Клаус,7.4,26397,https://www.kinopoisk.ru/film/957887/,Испания ,мультфильм, Серхио Паблос,2019,96
Ла-Ла Ленд,7.4,71350,https://www.kinopoisk.ru/film/841081/,США ,мюзикл, Дэмьен Шазелл,2016,128
Как прогулять школу с пользой,7.4,135472,https://www.kinopoisk.ru/film/1032308/,Франция ,драма, Николя Ванье,2017,116
По соображениям совести,7.4,43302,https://www.kinopoisk.ru/film/649917/,США ,биография, Мэл Гибсон,2016,139
Реквием по мечте,7.4,33674,https://www.kinopoisk.ru/film/367/,США ,драма, Даррен Аронофски,2000,102
Ходячий замок,7.4,79356,https://www.kinopoisk.ru/film/49684/,Япония ,аниме, Хаяо Миядзаки,2004,119
Отпуск по обмену,7.4,141146,https://www.kinopoisk.ru/film/104927/,США ,мелодрама, Нэнси Майерс,2006,136
12 лет рабства,7.4,105620,https://www.kinopoisk.ru/film/606646/,Великобритания ,драма, Стив МакКуин,2013,133
Догвилль,7.4,26694,https://www.kinopoisk.ru/film/7226/,Дания ,триллер, Ларс фон Триер,2003,178
Балканский рубеж,7.4,113986,https://www.kinopoisk.ru/film/1000443/,Россия ,боевик, Андрей Волгин,2019,151
Жизнь Дэвида Гейла,7.4,80827,https://www.kinopoisk.ru/film/738/,Великобритания ,триллер, Алан Паркер,2002,130
Дурак,7.4,77509,https://www.kinopoisk.ru/film/808639/,Россия ,драма, Юрий Быков,2014,116
Паразиты,7.4,177762,https://www.kinopoisk.ru/film/1043758/,Корея Южная ,драма, Пон Джун-хо,2019,131
Король говорит!,7.4,70715,https://www.kinopoisk.ru/film/485311/,Великобритания ,драма, Том Хупер,2010,118
Молчание ягнят,7.4,45269,https://www.kinopoisk.ru/film/345/,США ,триллер, Джонатан Демме,1990,118
Безумный Макс: Дорога ярости,7.4,36098,https://www.kinopoisk.ru/film/453406/,Австралия ,боевик, Джордж Миллер,2015,120
Искупление,7.4,50710,https://www.kinopoisk.ru/film/255611/,Великобритания ,драма, Джо Райт,2007,120
Гарри Поттер и Кубок огня,7.4,49042,https://www.kinopoisk.ru/film/8408/,Великобритания ,фэнтези, Майк Ньюэлл,2005,157
Пожары,7.4,42023,https://www.kinopoisk.ru/film/425400/,Канада ,драма, Дени Вильнёв,2010,131
Троя,7.4,34372,https://www.kinopoisk.ru/film/3442/,США ,боевик, Вольфганг Петерсен,2004,163
Крестный отец,7.4,29637,https://www.kinopoisk.ru/film/325/,США ,драма, Фрэнсис Форд Коппола,1972,175
Чудо,7.4,66488,https://www.kinopoisk.ru/film/722951/,США ,драма, Стивен Чбоски,2017,113
Жизнь других,7.4,54049,https://www.kinopoisk.ru/film/126196/,Германия ,триллер, Флориан Хенкель фон Доннерсмарк,2006,137
12 разгневанных мужчин,7.4,8919,https://www.kinopoisk.ru/film/346/,США ,драма, Сидни Люмет,1956,96
Алеша Попович и Тугарин Змей,7.4,138956,https://www.kinopoisk.ru/film/81041/,Россия ,мультфильм, Константин Бронзит,2004,79
Служебный роман,7.4,106518,https://www.kinopoisk.ru/film/43869/,СССР ,мелодрама, Эльдар Рязанов,1977,159
Далласский клуб покупателей,7.3,126863,https://www.kinopoisk.ru/film/260162/,США ,драма, Жан-Марк Валле,2013,118
Как приручить дракона,7.3,77463,https://www.kinopoisk.ru/film/280172/,США ,мультфильм, Дин ДеБлуа,2010,98
Аватар,7.3,104310,https://www.kinopoisk.ru/film/251733/,США ,фантастика, Джеймс Кэмерон,2009,162
Загадочная история Бенджамина Баттона,7.3,35890,https://www.kinopoisk.ru/film/81555/,США ,драма, Дэвид Финчер,2008,166
Такси,7.3,116455,https://www.kinopoisk.ru/film/14349/,Франция ,боевик, Жерар Пирес,1998,89
Билли Эллиот,7.3,70763,https://www.kinopoisk.ru/film/610/,Великобритания ,драма, Стивен Долдри,2000,110
Кин-дза-дза!,7.3,48723,https://www.kinopoisk.ru/film/44811/,СССР ,фантастика, Георгий Данелия,1986,135
Небо,7.3,133905,https://www.kinopoisk.ru/film/1421591/,Россия ,военный, Игорь Копылов,2021,126
Таксист,7.3,53858,https://www.kinopoisk.ru/film/1008113/,Корея Южная ,история, Чан Хун,2017,137
Адвокат дьявола,7.3,37484,https://www.kinopoisk.ru/film/3797/,США ,триллер, Тейлор Хэкфорд,1997,144
Век Адалин,7.3,102232,https://www.kinopoisk.ru/film/522876/,США ,драма, Ли Толанд Кригер,2015,113
Олдбой,7.3,48592,https://www.kinopoisk.ru/film/75871/,Корея Южная ,триллер, Пак Чхан-ук,2003,120
Амели,7.3,56714,https://www.kinopoisk.ru/film/341/,Франция ,мелодрама, Жан-Пьер Жёне,2001,122
Терминал,7.3,43334,https://www.kinopoisk.ru/film/6877/,США ,драма, Стивен Спилберг,2004,124
Человек-паук,7.3,69638,https://www.kinopoisk.ru/film/838/,США ,фантастика, Сэм Рэйми,2002,121
Назад в будущее 2,7.3,27448,https://www.kinopoisk.ru/film/5502/,США ,фантастика, Роберт Земекис,1989,108
Двухсотлетний человек,7.3,35817,https://www.kinopoisk.ru/film/7640/,Германия ,фантастика, Крис Коламбус,1999,126
12 стульев,7.3,44518,https://www.kinopoisk.ru/film/46789/,СССР ,комедия, Леонид Гайдай,1971,153
Человек-паук: Через вселенные,7.3,48191,https://www.kinopoisk.ru/film/920265/,Канада ,мультфильм, Боб Персичетти,2018,117
Крестный отец 2,7.3,13828,https://www.kinopoisk.ru/film/327/,США ,драма, Фрэнсис Форд Коппола,1974,202
Война,7.3,36705,https://www.kinopoisk.ru/film/41431/,Россия ,боевик, Алексей Балабанов,2002,120
Твоё имя,7.3,33975,https://www.kinopoisk.ru/film/958722/,Япония ,аниме, Макото Синкай,2016,110
Славные парни,7.3,14674,https://www.kinopoisk.ru/film/350/,США ,драма, Мартин Скорсезе,1990,140
Мстители: Война бесконечности,7.3,60081,https://www.kinopoisk.ru/film/843649/,США ,фантастика, Энтони Руссо,2018,149
Опасная игра Слоун,7.3,76589,https://www.kinopoisk.ru/film/933307/,США ,драма, Джон Мэдден,2016,132
Пираты Карибского моря: Сундук мертвеца,7.3,63338,https://www.kinopoisk.ru/film/63991/,США ,фэнтези, Гор Вербински,2006,151
Форсаж,7.3,119483,https://www.kinopoisk.ru/film/666/,США ,боевик, Роб Коэн,2001,106
Укрась прощальное утро цветами обещания,7.3,48378,https://www.kinopoisk.ru/film/1103852/,Япония ,аниме, Мари Окада,2018,115
Старикам тут не место,7.3,66085,https://www.kinopoisk.ru/film/195434/,США ,триллер, Итан Коэн,2007,122
Дневник памяти,7.3,37828,https://www.kinopoisk.ru/film/3561/,США ,драма, Ник Кассаветис,2004,124
Хоббит: Нежданное путешествие,7.3,46581,https://www.kinopoisk.ru/film/278522/,Новая Зеландия ,фэнтези, Питер Джексон,2012,169
Звёздные войны: Эпизод 3 – Месть ситхов,7.3,19462,https://www.kinopoisk.ru/film/5619/,США ,фантастика, Джордж Лукас,2005,140
Отель Мумбаи: Противостояние,7.3,64833,https://www.kinopoisk.ru/film/958519/,США ,боевик, Энтони Марас,2018,123
Ворошиловский стрелок,7.3,130499,https://www.kinopoisk.ru/film/41442/,Россия ,драма, Станислав Говорухин,1999,95
Приключения Паддингтона 2,7.3,104696,https://www.kinopoisk.ru/film/906042/,Великобритания ,фэнтези, Пол Кинг,2017,103
Исчезнувшая,7.3,41232,https://www.kinopoisk.ru/film/692861/,США ,триллер, Дэвид Финчер,2014,149
Брестская крепость,7.3,38105,https://www.kinopoisk.ru/film/436263/,Беларусь ,военный, Александр Котт,2010,131
Убить Билла,7.3,26021,https://www.kinopoisk.ru/film/2717/,США ,боевик, Квентин Тарантино,2003,111
"Знакомьтесь, Джо Блэк",7.3,45267,https://www.kinopoisk.ru/film/5059/,США ,мелодрама, Мартин Брест,1998,178
Афоня,7.3,46353,https://www.kinopoisk.ru/film/43423/,СССР ,драма, Георгий Данелия,1975,92
Темный рыцарь: Возрождение легенды,7.3,24805,https://www.kinopoisk.ru/film/437410/,США ,фантастика, Кристофер Нолан,2012,165
Бегущий по лезвию 2049,7.3,53982,https://www.kinopoisk.ru/film/589290/,США ,фантастика, Дени Вильнёв,2017,164
Подольские курсанты,7.3,108361,https://www.kinopoisk.ru/film/1191022/,Россия ,военный, Вадим Шмелев,2020,136
Изгой,7.3,24052,https://www.kinopoisk.ru/film/627/,США ,драма, Роберт Земекис,2000,143
Легенда №17,7.3,116690,https://www.kinopoisk.ru/film/601564/,Россия ,биография, Николай Лебедев,2012,134
Мимино,7.3,33911,https://www.kinopoisk.ru/film/46638/,СССР ,драма, Георгий Данелия,1977,92
Белое солнце пустыни,7.3,47661,https://www.kinopoisk.ru/film/46066/,СССР ,боевик, Владимир Мотыль,1969,84
Мальчик в полосатой пижаме,7.3,29707,https://www.kinopoisk.ru/film/281251/,Великобритания ,драма, Марк Херман,2008,94
Игра,7.3,25488,https://www.kinopoisk.ru/film/12198/,США ,триллер, Дэвид Финчер,1997,129
Охота,7.3,40755,https://www.kinopoisk.ru/film/647671/,Дания ,драма, Томас Винтерберг,2012,115
Гарри Поттер и Принц-полукровка,7.3,47342,https://www.kinopoisk.ru/film/89515/,Великобритания ,фэнтези, Дэвид Йейтс,2009,153
Трасса 60,7.3,22011,https://www.kinopoisk.ru/film/3563/,Канада ,фантастика, Боб Гейл,2001,116
Отель «Гранд Будапешт»,7.3,36791,https://www.kinopoisk.ru/film/683999/,США ,комедия, Уэс Андерсон,2014,100
Пролетая над гнездом кукушки,7.3,21223,https://www.kinopoisk.ru/film/336/,США ,драма, Милош Форман,1975,133
Вечное сияние чистого разума,7.3,26431,https://www.kinopoisk.ru/film/5492/,США ,мелодрама, Мишель Гондри,2004,108
Невозможное,7.3,43192,https://www.kinopoisk.ru/film/518037/,Испания ,драма, Хуан Антонио Байона,2012,109
Невидимый гость,7.2,34410,https://www.kinopoisk.ru/film/959365/,Испания ,триллер, Ориол Паоло,2016,106
Пленницы,7.2,24383,https://www.kinopoisk.ru/film/455194/,США ,триллер, Дени Вильнёв,2013,153
Самая обаятельная и привлекательная,7.2,51043,https://www.kinopoisk.ru/film/43602/,СССР ,мелодрама, Геральд Бежанов,1985,81
Чужой,7.2,22991,https://www.kinopoisk.ru/film/386/,Великобритания ,ужасы, Ридли Скотт,1979,116
Гонка,7.2,44109,https://www.kinopoisk.ru/film/596125/,Великобритания ,спорт, Рон Ховард,2013,123
Реальная любовь,7.2,70545,https://www.kinopoisk.ru/film/6144/,Великобритания ,мелодрама, Ричард Кёртис,2003,129
Прислуга,7.2,23331,https://www.kinopoisk.ru/film/470553/,США ,драма, Тейт Тейлор,2011,146
Красота по-американски,7.2,12766,https://www.kinopoisk.ru/film/351/,США ,драма, Сэм Мендес,1999,122
Мотылёк,7.2,101467,https://www.kinopoisk.ru/film/939411/,США ,драма, Михаэль Ноер,2017,133
Курьер,7.2,34970,https://www.kinopoisk.ru/film/45028/,СССР ,драма, Карен Шахназаров,1986,88
Хранители,7.2,23962,https://www.kinopoisk.ru/film/252641/,США ,фантастика, Зак Снайдер,2009,162
Бронкская история,7.2,26216,https://www.kinopoisk.ru/film/7466/,США ,драма, Роберт Де Ниро,1993,121
Тот самый Мюнхгаузен,7.2,22639,https://www.kinopoisk.ru/film/77283/,СССР ,фэнтези, Марк Захаров,1979,134
Железный человек,7.2,57077,https://www.kinopoisk.ru/film/61237/,США ,фантастика, Джон Фавро,2008,126
Американская история X,7.2,13780,https://www.kinopoisk.ru/film/382/,США ,драма, Тони Кэй,1998,119
День сурка,7.2,35347,https://www.kinopoisk.ru/film/527/,США ,фэнтези, Харольд Рэмис,1993,101
"Три билборда на границе Эббинга, Миссури",7.2,22220,https://www.kinopoisk.ru/film/944098/,Великобритания ,драма, Мартин Макдона,2017,115
Собачья жизнь,7.2,22388,https://www.kinopoisk.ru/film/571896/,США ,фэнтези, Лассе Халльстрём,2017,100
Хоббит: Битва пяти воинств,7.2,32972,https://www.kinopoisk.ru/film/694633/,Новая Зеландия ,фэнтези, Питер Джексон,2014,144
Стражи Галактики. Часть 3,7.2,87865,https://www.kinopoisk.ru/film/1044280/,США ,фантастика, Джеймс Ганн,2023,150
Лицо со шрамом,7.2,16390,https://www.kinopoisk.ru/film/4695/,США ,драма, Брайан Де Пальма,1983,170
Стражи Галактики,7.2,44545,https://www.kinopoisk.ru/film/689066/,США ,фантастика, Джеймс Ганн,2014,121
Грань будущего,7.2,33984,https://www.kinopoisk.ru/film/505851/,США ,фантастика, Даг Лайман,2014,113
Апокалипсис сегодня,7.2,16966,https://www.kinopoisk.ru/film/354/,США ,военный, Фрэнсис Форд Коппола,1979,194
Общество мертвых поэтов,7.2,16515,https://www.kinopoisk.ru/film/4996/,США ,драма, Питер Уир,1989,128
В погоне за счастьем,7.2,32765,https://www.kinopoisk.ru/film/104938/,США ,драма, Габриэле Муччино,2006,117
Большая игра,7.2,68078,https://www.kinopoisk.ru/film/976636/,США ,биография, Аарон Соркин,2017,140
Холодное лето пятьдесят третьего...,7.2,27987,https://www.kinopoisk.ru/film/7660/,СССР ,драма, Александр Прошкин,1987,102
Казино,7.2,13096,https://www.kinopoisk.ru/film/2494/,США ,драма, Мартин Скорсезе,1995,171
Мой сосед Тоторо,7.2,39887,https://www.kinopoisk.ru/film/8221/,Япония ,аниме, Хаяо Миядзаки,1988,86
Звук свободы,7.2,268600,https://www.kinopoisk.ru/film/1134493/,Мексика ,драма, Алехандро Гомес Монтеверде,2023,131
Кот в сапогах 2: Последнее желание,7.2,32116,https://www.kinopoisk.ru/film/840821/,США ,мультфильм, Джоэль Кроуфорд,2022,102
Рататуй,7.2,86241,https://www.kinopoisk.ru/film/89514/,США ,мультфильм, Брэд Бёрд,2007,111
Вам и не снилось...,7.2,33876,https://www.kinopoisk.ru/film/45660/,СССР ,драма, Илья Фрэз,1980,86
Мстители: Финал,7.2,52219,https://www.kinopoisk.ru/film/843650/,США ,фантастика, Энтони Руссо,2019,181
Сталкер,7.2,26840,https://www.kinopoisk.ru/film/43970/,СССР ,фантастика, Андрей Тарковский,1979,163
Страсти Христовы,7.2,24600,https://www.kinopoisk.ru/film/3707/,США ,драма, Мэл Гибсон,2004,127
Спасти рядового Райана,7.2,17889,https://www.kinopoisk.ru/film/371/,США ,военный, Стивен Спилберг,1998,169
Эффект бабочки,7.2,21809,https://www.kinopoisk.ru/film/5167/,США ,фантастика, Эрик Бресс,2003,113
Гарри Поттер и Дары Смерти: Часть I,7.2,43816,https://www.kinopoisk.ru/film/276762/,Великобритания ,фэнтези, Дэвид Йейтс,2010,146
Джокер,7.2,52404,https://www.kinopoisk.ru/film/1048334/,США ,драма, Тодд Филлипс,2019,122
Особенности национальной охоты,7.2,55237,https://www.kinopoisk.ru/film/7653/,Россия ,комедия, Александр Рогожкин,1995,93
Иллюзионист,7.2,50169,https://www.kinopoisk.ru/film/102198/,США ,драма, Нил Бёргер,2005,110
О чём говорят мужчины,7.2,73602,https://www.kinopoisk.ru/film/468102/,Россия ,комедия, Дмитрий Дьяченко,2010,93
Привидение,7.2,43043,https://www.kinopoisk.ru/film/1991/,США ,мелодрама, Джерри Цукер,1990,127
Человек дождя,7.2,27524,https://www.kinopoisk.ru/film/519/,США ,драма, Барри Левинсон,1988,133
Лёд 3,7.2,368304,https://www.kinopoisk.ru/film/5275429/,Россия ,спорт, Юрий Хмельницкий,2024,134
Бешеные псы,7.2,17226,https://www.kinopoisk.ru/film/394/,США ,криминал, Квентин Тарантино,1991,100
Пила: Игра на выживание,7.2,13921,https://www.kinopoisk.ru/film/64187/,США ,ужасы, Джеймс Ван,2004,103
День выборов,7.2,43539,https://www.kinopoisk.ru/film/309408/,Россия ,комедия, Олег Фомин,2007,125
Нечто,7.2,13001,https://www.kinopoisk.ru/film/8366/,США ,ужасы, Джон Карпентер,1982,109
Город бога,7.2,32942,https://www.kinopoisk.ru/film/439/,Бразилия ,драма, Фернанду Мейреллиш,2002,130
Хоккейные папы,7.2,240391,https://www.kinopoisk.ru/film/4920181/,Россия ,спорт, Андрей Булатов,2023,131
Головоломка,7.2,68227,https://www.kinopoisk.ru/film/645118/,США ,мультфильм, Пит Доктер,2015,95
Ученик чудовища,7.2,51268,https://www.kinopoisk.ru/film/885317/,Япония ,аниме, Мамору Хосода,2015,119
Семьянин,7.2,67826,https://www.kinopoisk.ru/film/664/,США ,фэнтези, Бретт Рэтнер,2000,125
Приключения Реми,7.2,43608,https://www.kinopoisk.ru/film/1108571/,Франция ,мелодрама, Антуан Блоссье,2018,105
Цельнометаллическая оболочка,7.2,11708,https://www.kinopoisk.ru/film/418/,Великобритания ,драма, Стэнли Кубрик,1987,116
Мумия,7.2,58206,https://www.kinopoisk.ru/film/4484/,США ,фэнтези, Стивен Соммерс,1999,124
Вокзал для двоих,7.2,33276,https://www.kinopoisk.ru/film/45822/,СССР ,драма, Эльдар Рязанов,1982,141
Мементо,7.2,56020,https://www.kinopoisk.ru/film/335/,США ,триллер, Кристофер Нолан,2000,113
Летят журавли,7.2,19566,https://www.kinopoisk.ru/film/7724/,СССР ,военный, Михаил Калатозов,1957,95
Джуманджи,7.2,32577,https://www.kinopoisk.ru/film/8161/,США ,фэнтези, Джо Джонстон,1995,104
Пираты Карибского моря: На краю света,7.2,51086,https://www.kinopoisk.ru/film/102124/,США ,приключения, Гор Вербински,2007,169
Не может быть!,7.2,32889,https://www.kinopoisk.ru/film/46368/,СССР ,мелодрама, Леонид Гайдай,1975,92
Гарри Поттер и Орден Феникса,7.2,43614,https://www.kinopoisk.ru/film/48356/,Великобритания ,фэнтези, Дэвид Йейтс,2007,138
Хоббит: Пустошь Смауга,7.2,31603,https://www.kinopoisk.ru/film/408876/,Новая Зеландия ,фэнтези, Питер Джексон,2013,161
Запах женщины,7.2,17448,https://www.kinopoisk.ru/film/4871/,США ,драма, Мартин Брест,1992,156
Терминатор,7.2,33760,https://www.kinopoisk.ru/film/507/,США ,фантастика, Джеймс Кэмерон,1984,108
Покровские ворота,7.2,30196,https://www.kinopoisk.ru/film/77203/,СССР ,мюзикл, Михаил Козаков,1982,140
Землетрясение,7.2,49673,https://www.kinopoisk.ru/film/463694/,Китай ,драма, Фэн Сяоган,2010,139
Убойные каникулы,7.2,65845,https://www.kinopoisk.ru/film/485261/,Канада ,комедия, Илай Крэйг,2010,85
Жестокий романс,7.2,29610,https://www.kinopoisk.ru/film/45314/,СССР ,драма, Эльдар Рязанов,1984,137
Один день,7.2,40447,https://www.kinopoisk.ru/film/495518/,США ,драма, Лоне Шерфиг,2011,103
Убить Билла 2,7.2,15611,https://www.kinopoisk.ru/film/47015/,США ,боевик, Квентин Тарантино,2004,137
Нефть,7.2,15509,https://www.kinopoisk.ru/film/196604/,США ,драма, Пол Томас Андерсон,2007,158
Один дома 2: Затерянный в Нью-Йорке,7.2,66118,https://www.kinopoisk.ru/film/5928/,США ,комедия, Крис Коламбус,1992,119
Выстрел в пустоту,7.2,91214,https://www.kinopoisk.ru/film/910353/,США ,криминал, Рик Роман Во,2015,120
Гран Торино,7.2,11431,https://www.kinopoisk.ru/film/408410/,США ,драма, Клинт Иствуд,2008,116
Ветер крепчает,7.2,16506,https://www.kinopoisk.ru/film/693969/,Япония ,аниме, Хаяо Миядзаки,2013,126
Последний самурай,7.2,15959,https://www.kinopoisk.ru/film/6764/,США ,боевик, Эдвард Цвик,2003,154
Шестое чувство,7.2,19127,https://www.kinopoisk.ru/film/395/,США ,детектив, М. Найт Шьямалан,1999,107
Чего хотят женщины,7.2,100600,https://www.kinopoisk.ru/film/880/,США ,мелодрама, Нэнси Майерс,2000,127
Константин: Повелитель тьмы,7.2,50302,https://www.kinopoisk.ru/film/3793/,США ,фэнтези, Фрэнсис Лоуренс,2005,121
Чарли и шоколадная фабрика,7.2,74756,https://www.kinopoisk.ru/film/38905/,США ,мюзикл, Тим Бёртон,2005,115
Храброе сердце,7.2,24359,https://www.kinopoisk.ru/film/399/,США ,история, Мэл Гибсон,1995,178
Семь жизней,7.2,21321,https://www.kinopoisk.ru/film/395787/,США ,драма, Габриэле Муччино,2008,118
Навсикая из долины ветров,7.2,13886,https://www.kinopoisk.ru/film/8240/,Япония ,аниме, Хаяо Миядзаки,1984,117
Корпорация монстров,7.2,54995,https://www.kinopoisk.ru/film/458/,США ,мультфильм, Пит Доктер,2001,92
Воин,7.1,30881,https://www.kinopoisk.ru/film/442568/,США ,драма, Гэвин О’Коннор,2011,140
Ford против Ferrari,7.1,39900,https://www.kinopoisk.ru/film/835086/,США ,биография, Джеймс Мэнголд,2019,152
Схватка,7.1,10967,https://www.kinopoisk.ru/film/571/,США ,боевик, Майкл Манн,1995,171
Человек с бульвара Капуцинов,7.1,26534,https://www.kinopoisk.ru/film/45463/,СССР ,вестерн, Алла Сурикова,1987,98
Творение Господне,7.1,29371,https://www.kinopoisk.ru/film/233084/,США ,драма, Джозеф Сарджент,2004,110
Работа без авторства,7.1,35376,https://www.kinopoisk.ru/film/959606/,Германия ,биография, Флориан Хенкель фон Доннерсмарк,2018,189
"Ирония судьбы, или С легким паром!",7.1,75785,https://www.kinopoisk.ru/film/77331/,СССР ,мелодрама, Эльдар Рязанов,1975,184
Маска,7.1,69618,https://www.kinopoisk.ru/film/6039/,США ,комедия, Чак Рассел,1994,101
Великий Гэтсби,7.1,29482,https://www.kinopoisk.ru/film/463724/,Австралия ,драма, Баз Лурман,2013,143
Крупная рыба,7.1,17046,https://www.kinopoisk.ru/film/9617/,США ,фэнтези, Тим Бёртон,2003,125
Невидимая сторона,7.1,28632,https://www.kinopoisk.ru/film/450213/,США ,драма, Джон Ли Хэнкок,2009,129
Другие,7.1,29045,https://www.kinopoisk.ru/film/494/,Испания ,ужасы, Алехандро Аменабар,2001,101
На игле,7.1,13982,https://www.kinopoisk.ru/film/515/,Великобритания ,драма, Дэнни Бойл,1995,93
Зверополис,7.1,105413,https://www.kinopoisk.ru/film/775276/,США ,мультфильм, Байрон Ховард,2016,108
Мадагаскар,7.1,89493,https://www.kinopoisk.ru/film/6006/,США ,мультфильм, Эрик Дарнелл,2005,86
Васаби,7.1,88540,https://www.kinopoisk.ru/film/14288/,Франция ,боевик, Жерар Кравчик,2001,94
Экипаж,7.1,96782,https://www.kinopoisk.ru/film/839818/,Россия ,драма, Николай Лебедев,2016,138
Бесподобный мистер Фокс,7.1,10439,https://www.kinopoisk.ru/film/86621/,США ,мультфильм, Уэс Андерсон,2009,87
Господин Никто,7.1,39449,https://www.kinopoisk.ru/film/232785/,Бельгия ,фантастика, Жако ван Дормель,2009,138
Богемская рапсодия,7.1,27637,https://www.kinopoisk.ru/film/568289/,Великобритания ,биография, Брайан Сингер,2018,134
Крепкий орешек,7.1,22010,https://www.kinopoisk.ru/film/471/,США ,боевик, Джон Мактирнан,1988,133
Спеши любить,7.1,40284,https://www.kinopoisk.ru/film/875/,США ,драма, Адам Шенкман,2002,101
Рэмбо: Первая кровь,7.1,39289,https://www.kinopoisk.ru/film/4087/,США ,боевик, Тед Котчефф,1982,93
Чужие,7.1,18808,https://www.kinopoisk.ru/film/406/,Великобритания ,ужасы, Джеймс Кэмерон,1986,137
Служанка,7.1,52042,https://www.kinopoisk.ru/film/851960/,Корея Южная ,мелодрама, Пак Чхан-ук,2016,144
В джазе только девушки,7.1,24073,https://www.kinopoisk.ru/film/356/,США ,мелодрама, Билли Уайлдер,1959,119
Вспомнить всё,7.1,54391,https://www.kinopoisk.ru/film/2443/,США ,фантастика, Пол Верховен,1990,113
Что гложет Гилберта Грейпа,7.1,31447,https://www.kinopoisk.ru/film/4466/,США ,драма, Лассе Халльстрём,1993,118
Грязь,7.1,55356,https://www.kinopoisk.ru/film/467293/,Великобритания ,криминал, Джон С. Бейрд,2013,93
Облачный атлас,7.1,58244,https://www.kinopoisk.ru/film/464484/,США ,фантастика, Лана Вачовски,2012,172
Большой Лебовски,7.1,19557,https://www.kinopoisk.ru/film/555/,США ,комедия, Джоэл Коэн,1998,117
Иллюзия обмана,7.1,108451,https://www.kinopoisk.ru/film/522892/,США ,криминал, Луи Летерье,2013,115
Прибытие,7.1,68483,https://www.kinopoisk.ru/film/718811/,США ,фантастика, Дени Вильнёв,2016,116
Ведьмина служба доставки,7.1,24511,https://www.kinopoisk.ru/film/2428/,Япония ,аниме, Хаяо Миядзаки,1989,103
Святые из Бундока,7.1,31482,https://www.kinopoisk.ru/film/4917/,США ,боевик, Трой Даффи,1999,109
Красотка,7.1,52600,https://www.kinopoisk.ru/film/8125/,США ,мелодрама, Гэрри Маршалл,1990,115
"Свой среди чужих, чужой среди своих",7.1,26234,https://www.kinopoisk.ru/film/44062/,СССР ,боевик, Никита Михалков,1974,93
Исходный код,7.1,61052,https://www.kinopoisk.ru/film/409295/,США ,фантастика, Дункан Джонс,2011,93
Психо,7.1,7212,https://www.kinopoisk.ru/film/344/,США ,триллер, Альфред Хичкок,1960,109
Игра в имитацию,7.1,43080,https://www.kinopoisk.ru/film/635772/,Великобритания ,биография, Мортен Тильдум,2014,114
Покорители волн,7.1,31004,https://www.kinopoisk.ru/film/546244/,США ,драма, Майкл Аптед,2012,111
Я – легенда,7.1,49932,https://www.kinopoisk.ru/film/195524/,США ,ужасы, Фрэнсис Лоуренс,2007,96
Кунг-фу Панда,7.1,43345,https://www.kinopoisk.ru/film/103734/,США ,мультфильм, Марк Осборн,2008,91
"Добро пожаловать, или Посторонним вход воспрещен",7.1,33009,https://www.kinopoisk.ru/film/44238/,СССР ,комедия, Элем Климов,1964,71
Такси 2,7.1,73660,https://www.kinopoisk.ru/film/854/,Франция ,боевик, Жерар Кравчик,2000,88
Назад в будущее 3,7.1,20908,https://www.kinopoisk.ru/film/7103/,США ,фантастика, Роберт Земекис,1990,118
Умница Уилл Хантинг,7.1,14178,https://www.kinopoisk.ru/film/539/,США ,драма, Гас Ван Сент,1997,126
Сияние,7.1,23510,https://www.kinopoisk.ru/film/409/,США ,триллер, Стэнли Кубрик,1980,144
Дьявол носит Prada,7.1,55616,https://www.kinopoisk.ru/film/104992/,США ,драма, Дэвид Фрэнкел,2006,109
Оставленные,7.1,34058,https://www.kinopoisk.ru/film/4499386/,США ,драма, Александр Пэйн,2023,133
Невероятные приключения итальянцев в России,7.1,38051,https://www.kinopoisk.ru/film/46421/,СССР ,комедия, Эльдар Рязанов,1973,104
Коралина в Стране Кошмаров,7.1,34681,https://www.kinopoisk.ru/film/49166/,США ,мультфильм, Генри Селик,2008,100
Мальчишник в Вегасе,7.1,24663,https://www.kinopoisk.ru/film/426004/,США ,комедия, Тодд Филлипс,2009,96
Сестрёнка,7.1,53239,https://www.kinopoisk.ru/film/1178267/,Россия ,драма, Александр Галибин,2019,94
Город грехов,7.1,17497,https://www.kinopoisk.ru/film/77443/,США ,боевик, Фрэнк Миллер,2005,124
Выживший,7.1,28041,https://www.kinopoisk.ru/film/522941/,Гонконг ,приключения, Алехандро Гонсалес Иньярриту,2015,156
Ветреная река,7.1,50414,https://www.kinopoisk.ru/film/958442/,Великобритания ,детектив, Тейлор Шеридан,2016,107
Профессионал,7.1,24784,https://www.kinopoisk.ru/film/39259/,Франция ,боевик, Жорж Лотнер,1981,108
Залечь на дно в Брюгге,7.1,17788,https://www.kinopoisk.ru/film/276295/,Великобритания ,комедия, Мартин Макдона,2007,107
Небесный замок Лапута,7.1,14344,https://www.kinopoisk.ru/film/1846/,Япония ,аниме, Хаяо Миядзаки,1986,125
Патруль,7.1,58590,https://www.kinopoisk.ru/film/584405/,США ,драма, Дэвид Эйр,2012,109
Марсианин,7.1,35864,https://www.kinopoisk.ru/film/841700/,США ,фантастика, Ридли Скотт,2015,144
Апгрейд,7.1,71839,https://www.kinopoisk.ru/film/1009784/,Австралия ,фантастика, Ли Уоннелл,2018,100
"С любовью, Рози",7.1,49352,https://www.kinopoisk.ru/film/512784/,Великобритания ,мелодрама, Кристиан Диттер,2014,102
В центре внимания,7.1,34071,https://www.kinopoisk.ru/film/834394/,США ,драма, Том Маккарти,2015,129
Столкновение,7.1,99346,https://www.kinopoisk.ru/film/61297/,США ,триллер, Пол Хаггис,2004,112
Приключения Шерлока Холмса и доктора Ватсона: Охота на тигра,7.1,15803,https://www.kinopoisk.ru/film/368937/,СССР ,криминал, Игорь Масленников,1980,65
На гребне волны,7.1,34291,https://www.kinopoisk.ru/film/1990/,Япония ,боевик, Кэтрин Бигелоу,1991,117
Сад изящных слов,7.1,36535,https://www.kinopoisk.ru/film/730665/,Япония ,аниме, Макото Синкай,2013,46
Бэтмен: Начало,7.1,22392,https://www.kinopoisk.ru/film/47237/,США ,боевик, Кристофер Нолан,2005,140
Пальмы в снегу,7.1,36629,https://www.kinopoisk.ru/film/801868/,Испания ,драма, Фернандо Гонзалез Молина,2015,163
Малхолланд Драйв,7.1,21011,https://www.kinopoisk.ru/film/466/,США ,триллер, Дэвид Линч,2001,147
"Весна, лето, осень, зима... и снова весна",7.1,16769,https://www.kinopoisk.ru/film/47814/,Корея Южная ,драма, Ким Ки Дук,2003,103
Дом из песка и тумана,7.1,53249,https://www.kinopoisk.ru/film/7611/,США ,драма, Вадим Перельман,2003,126
Оружейный барон,7.1,97188,https://www.kinopoisk.ru/film/77439/,США ,драма, Эндрю Никкол,2005,122
Бегущий по лезвию,7.1,15156,https://www.kinopoisk.ru/film/403/,США ,фантастика, Ридли Скотт,1982,117
Уроки фарси,7.1,112660,https://www.kinopoisk.ru/film/1209777/,Россия ,драма, Вадим Перельман,2020,128
Блеф,7.1,32807,https://www.kinopoisk.ru/film/10179/,Италия ,комедия, Серджио Корбуччи,1976,110
Вечера на хуторе близ Диканьки,7.1,49767,https://www.kinopoisk.ru/film/45694/,СССР ,фэнтези, Александр Роу,1961,66
Пиджак,7.1,74191,https://www.kinopoisk.ru/film/47382/,США ,триллер, Джон Мэйбери,2004,102
Огонь,7.1,88841,https://www.kinopoisk.ru/film/1183599/,Россия ,драма, Алексей Нужный,2020,131
Индиана Джонс и последний крестовый поход,7.1,11952,https://www.kinopoisk.ru/film/472/,США ,приключения, Стивен Спилберг,1989,127
Разрисованная вуаль,7.1,35608,https://www.kinopoisk.ru/film/102201/,США ,драма, Джон Кёрран,2006,125
Поезд на Юму,7.1,37226,https://www.kinopoisk.ru/film/78240/,США ,вестерн, Джеймс Мэнголд,2007,122
Кролик Джоджо,7.1,16959,https://www.kinopoisk.ru/film/726838/,Новая Зеландия ,комедия, Тайка Вайтити,2019,108
Приходи на меня посмотреть,7.1,24709,https://www.kinopoisk.ru/film/40955/,Россия ,мелодрама, Михаил Агранович,2000,101
Доспехи Бога,7.1,45216,https://www.kinopoisk.ru/film/24705/,Гонконг ,боевик, Джеки Чан,1986,88
Стажёр,7.1,35463,https://www.kinopoisk.ru/film/677893/,США ,мелодрама, Нэнси Майерс,2015,121
Самый быстрый Indian,7.1,10809,https://www.kinopoisk.ru/film/81512/,Новая Зеландия ,драма, Роджер Дональдсон,2005,127
Вверх,7.1,34569,https://www.kinopoisk.ru/film/325381/,США ,мультфильм, Пит Доктер,2009,96
Мост в Терабитию,7.1,17142,https://www.kinopoisk.ru/film/78753/,США ,фэнтези, Габор Чупо,2006,93
Осенний марафон,7.1,19537,https://www.kinopoisk.ru/film/42799/,СССР ,драма, Георгий Данелия,1979,89
Труп невесты,7.1,20321,https://www.kinopoisk.ru/film/77548/,США ,мультфильм, Тим Бёртон,2005,77
Королевство полной луны,7.1,25518,https://www.kinopoisk.ru/film/571892/,США ,семейный, Уэс Андерсон,2012,90
Берегись автомобиля,7.1,32445,https://www.kinopoisk.ru/film/46089/,СССР ,криминал, Эльдар Рязанов,1966,94
Отец,7.1,37408,https://www.kinopoisk.ru/film/1262160/,Великобритания ,драма, Флориан Зеллер,2020,97
Битва за Севастополь,7.1,41893,https://www.kinopoisk.ru/film/742026/,Россия ,военный, Сергей Мокрицкий,2015,118
Дикие истории,7.1,29822,https://www.kinopoisk.ru/film/775727/,Аргентина ,триллер, Дамиан Сифрон,2014,122
Легенда о пианисте,7.1,14746,https://www.kinopoisk.ru/film/8335/,Италия ,драма, Джузеппе Торнаторе,1998,120
Логан,7.1,17484,https://www.kinopoisk.ru/film/807682/,США ,фантастика, Джеймс Мэнголд,2017,137
Шерлок Холмс,7.1,32138,https://www.kinopoisk.ru/film/420923/,США ,боевик, Гай Ричи,2009,128
Идеальные дни,7.1,99661,https://www.kinopoisk.ru/film/5283168/,Япония ,драма, Вим Вендерс,2023,124
Она,7.1,36538,https://www.kinopoisk.ru/film/577488/,США ,мелодрама, Спайк Джонс,2013,126
Доспехи Бога 2: Операция Кондор,7.1,31577,https://www.kinopoisk.ru/film/24701/,Гонконг ,боевик, Джеки Чан,1991,98
Гаттака,7.1,10732,https://www.kinopoisk.ru/film/5012/,США ,фантастика, Эндрю Никкол,1997,106
Робокоп,7.1,12315,https://www.kinopoisk.ru/film/7410/,США ,фантастика, Пол Верховен,1987,102
Хранители снов,7.1,49416,https://www.kinopoisk.ru/film/466581/,США ,мультфильм, Питер Рэмзи,2012,97
Это чертово сердце,7.1,24527,https://www.kinopoisk.ru/film/1024435/,Германия ,драма, Марк Ротемунд,2017,104
Бёрдмэн,7.1,9880,https://www.kinopoisk.ru/film/722827/,США ,драма, Алехандро Гонсалес Иньярриту,2014,119
Душа,7.1,52702,https://www.kinopoisk.ru/film/775273/,США ,мультфильм, Пит Доктер,2020,106
Одиннадцать друзей Оушена,7.1,20586,https://www.kinopoisk.ru/film/770/,США ,криминал, Стивен Содерберг,2001,116
Я видел дьявола,7.1,33452,https://www.kinopoisk.ru/film/497027/,Корея Южная ,триллер, Ким Джи-ун,2010,144
Переводчик,7.0,461146,https://www.kinopoisk.ru/film/927898/,Великобритания ,боевик, Гай Ричи,2022,123
Мавританец,7.0,76653,https://www.kinopoisk.ru/film/1289785/,Великобритания ,биография, Кевин Макдональд,2020,129
Монстры на каникулах,7.0,139076,https://www.kinopoisk.ru/film/280174/,США ,мультфильм, Генндий Тартаковский,2012,91
Звездный десант,7.0,14598,https://www.kinopoisk.ru/film/6025/,США ,фантастика, Пол Верховен,1997,124
Остров собак,7.0,7691,https://www.kinopoisk.ru/film/939785/,США ,мультфильм, Уэс Андерсон,2018,101
Бедные-несчастные,7.0,86849,https://www.kinopoisk.ru/film/4396438/,Ирландия ,драма, Йоргос Лантимос,2023,141
Звёздные войны: Эпизод 5 – Империя наносит ответный удар,7.0,12824,https://www.kinopoisk.ru/film/338/,США ,фантастика, Ирвин Кершнер,1980,124
Пока не сыграл в ящик,7.0,15856,https://www.kinopoisk.ru/film/258885/,США ,драма, Роб Райнер,2007,97
Доктор,7.0,98300,https://www.kinopoisk.ru/film/5002368/,Россия ,драма, Артём Темников,2022,120
Однажды в… Голливуде,7.0,73010,https://www.kinopoisk.ru/film/1047883/,США ,драма, Квентин Тарантино,2019,161
Эквилибриум,7.0,26249,https://www.kinopoisk.ru/film/309/,США ,фантастика, Курт Уиммер,2002,107
Чёрный лебедь,7.0,18161,https://www.kinopoisk.ru/film/278273/,США ,драма, Даррен Аронофски,2010,103
В поисках Немо,7.0,37269,https://www.kinopoisk.ru/film/7908/,США ,мультфильм, Эндрю Стэнтон,2003,101
От заката до рассвета,7.0,30806,https://www.kinopoisk.ru/film/4815/,США ,криминал, Роберт Родригес,1995,108
Голгофа,7.0,19991,https://www.kinopoisk.ru/film/666951/,Ирландия ,драма, Джон Майкл Макдона,2013,102
Мгла,7.0,20592,https://www.kinopoisk.ru/film/273302/,США ,ужасы, Фрэнк Дарабонт,2007,126
Линкольн для адвоката,7.0,17934,https://www.kinopoisk.ru/film/461939/,США ,криминал, Брэд Фурман,2011,114
Миллионер из трущоб,7.0,18874,https://www.kinopoisk.ru/film/413362/,Великобритания ,криминал, Дэнни Бойл,2008,120
Не/смотря ни на что,7.0,38774,https://www.kinopoisk.ru/film/887535/,Германия ,комедия, Марк Ротемунд,2017,111
Сонная Лощина,7.0,25032,https://www.kinopoisk.ru/film/5622/,США ,триллер, Тим Бёртон,1999,105
Индиана Джонс: В поисках утраченного ковчега,7.0,12668,https://www.kinopoisk.ru/film/339/,США ,приключения, Стивен Спилберг,1981,115
Тренировочный день,7.0,9506,https://www.kinopoisk.ru/film/863/,США ,триллер, Антуан Фукуа,2001,122
12,7.0,18507,https://www.kinopoisk.ru/film/222809/,Россия ,триллер, Никита Михалков,2007,153
Хищник,7.0,21275,https://www.kinopoisk.ru/film/6303/,США ,ужасы, Джон Мактирнан,1987,104
Ангел-А,7.0,30986,https://www.kinopoisk.ru/film/160929/,Франция ,фэнтези, Люк Бессон,2005,91
Парк Юрского периода,7.0,21143,https://www.kinopoisk.ru/film/7121/,США ,фантастика, Стивен Спилберг,1993,127
Мастер и Маргарита,7.0,235564,https://www.kinopoisk.ru/film/1115471/,Россия ,драма, Михаил Локшин,2023,157
Интервью с вампиром,7.0,14886,https://www.kinopoisk.ru/film/8151/,США ,драма, Нил Джордан,1994,123
RRR: Рядом ревёт революция,7.0,24760,https://www.kinopoisk.ru/film/1115117/,Индия ,боевик, С.С. Раджамули,2022,187
Район №9,7.0,15521,https://www.kinopoisk.ru/film/397494/,ЮАР ,фантастика, Нил Бломкамп,2009,112
Спортлото-82,7.0,41272,https://www.kinopoisk.ru/film/43949/,СССР ,комедия, Леонид Гайдай,1982,89
Доктор Лиза,7.0,26943,https://www.kinopoisk.ru/film/1254059/,Россия ,драма, Оксана Карас,2020,120
Безумно влюблённый,7.0,21932,https://www.kinopoisk.ru/film/147969/,Италия ,мелодрама, Франко Кастеллано,1981,102
Темные воды,7.0,47123,https://www.kinopoisk.ru/film/1228069/,США ,драма, Тодд Хейнс,2019,126
Дело Коллини,7.0,35909,https://www.kinopoisk.ru/film/1179501/,Германия ,детектив, Марко Кройцпайнтнер,2019,123
Элементарно,7.0,74093,https://www.kinopoisk.ru/film/4889667/,США ,мультфильм, Питер Сон,2023,101
Фарго,7.0,9106,https://www.kinopoisk.ru/film/402/,США ,триллер, Джоэл Коэн,1995,98
Звёздные войны: Эпизод 6 – Возвращение Джедая,7.0,12874,https://www.kinopoisk.ru/film/447/,США ,фантастика, Ричард Маркуанд,1983,131
Скрытые фигуры,7.0,16675,https://www.kinopoisk.ru/film/966036/,США ,драма, Тед Мелфи,2016,127
Трансформеры,7.0,43260,https://www.kinopoisk.ru/film/81288/,США ,фантастика, Майкл Бэй,2007,143
Великая красота,7.0,14125,https://www.kinopoisk.ru/film/677566/,Италия ,драма, Паоло Соррентино,2013,141
Евротур,7.0,17228,https://www.kinopoisk.ru/film/5090/,США ,комедия, Джефф Шаффер,2004,90
Идеальные незнакомцы,7.0,18381,https://www.kinopoisk.ru/film/925669/,Италия ,драма, Паоло Дженовезе,2015,96
Ледниковый период,7.0,37020,https://www.kinopoisk.ru/film/707/,США ,мультфильм, Крис Уэдж,2002,81
Основной инстинкт,7.0,51827,https://www.kinopoisk.ru/film/2441/,США ,триллер, Пол Верховен,1992,127
Полосатый рейс,7.0,42633,https://www.kinopoisk.ru/film/43104/,СССР ,комедия, Владимир Фетин,1961,87
Бойфренд из будущего,7.0,10673,https://www.kinopoisk.ru/film/662596/,Великобритания ,фантастика, Ричард Кёртис,2013,123
Расправь крылья,7.0,21721,https://www.kinopoisk.ru/film/1256482/,Франция ,драма, Николя Ванье,2019,113
Дюна,7.0,86169,https://www.kinopoisk.ru/film/409424/,США ,фантастика, Дени Вильнёв,2021,155
500 дней лета,7.0,14612,https://www.kinopoisk.ru/film/409372/,США ,мелодрама, Марк Уэбб,2009,95
Стражи Галактики. Часть 2,7.0,28003,https://www.kinopoisk.ru/film/841263/,США ,фантастика, Джеймс Ганн,2017,136
Типа крутые легавые,7.0,32727,https://www.kinopoisk.ru/film/93377/,Великобритания ,боевик, Эдгар Райт,2007,121
Однажды в Ирландии,7.0,14027,https://www.kinopoisk.ru/film/484474/,Великобритания ,триллер, Джон Майкл Макдона,2011,96
Девять ярдов,7.0,31854,https://www.kinopoisk.ru/film/883/,США ,комедия, Джонатан Линн,2000,98
Девушка с татуировкой дракона,7.0,21151,https://www.kinopoisk.ru/film/491724/,США ,детектив, Дэвид Финчер,2011,158
Ненависть,7.0,12347,https://www.kinopoisk.ru/film/9448/,Франция ,драма, Матьё Кассовиц,1995,98
Парфюмер: История одного убийцы,7.0,24996,https://www.kinopoisk.ru/film/78378/,Германия ,фэнтези, Том Тыквер,2006,147
Донни Дарко,7.0,35372,https://www.kinopoisk.ru/film/410/,США ,фантастика, Ричард Келли,2001,113
Дыши ради нас,7.0,18165,https://www.kinopoisk.ru/film/980347/,Великобритания ,драма, Энди Серкис,2017,118
Сёстры,7.0,51042,https://www.kinopoisk.ru/film/41109/,Россия ,драма, Сергей Бодров мл.,2001,83
Поехавшая,7.0,120654,https://www.kinopoisk.ru/film/4686066/,Россия ,комедия, Антон Маслов,2023,110
Рыбка Поньо на утесе,7.0,23757,https://www.kinopoisk.ru/film/261127/,Япония ,аниме, Хаяо Миядзаки,2008,101
Карнавальная ночь,7.0,37542,https://www.kinopoisk.ru/film/44720/,СССР ,комедия, Эльдар Рязанов,1956,78
День радио,7.0,27215,https://www.kinopoisk.ru/film/402979/,Россия ,комедия, Дмитрий Дьяченко,2008,98
Рок-волна,7.0,10872,https://www.kinopoisk.ru/film/416824/,Великобритания ,драма, Ричард Кёртис,2009,129
Подмена,7.0,12078,https://www.kinopoisk.ru/film/279880/,США ,триллер, Клинт Иствуд,2008,141
Помнить,7.0,13514,https://www.kinopoisk.ru/film/868982/,Канада ,триллер, Атом Эгоян,2015,94
Боец,7.0,34488,https://www.kinopoisk.ru/film/279580/,США ,драма, Дэвид О. Расселл,2010,114
300 спартанцев,7.0,19131,https://www.kinopoisk.ru/film/81924/,США ,боевик, Зак Снайдер,2007,117
Охотники за разумом,7.0,37776,https://www.kinopoisk.ru/film/8091/,США ,ужасы, Ренни Харлин,2004,106
Ворон,7.0,12910,https://www.kinopoisk.ru/film/12362/,США ,фэнтези, Алекс Пройас,1994,102
Охотники за привидениями,7.0,15467,https://www.kinopoisk.ru/film/2467/,США ,фантастика, Айвен Райтман,1984,105
Рок-н-рольщик,7.0,14423,https://www.kinopoisk.ru/film/378140/,Великобритания ,криминал, Гай Ричи,2008,114
Капитан Филлипс,7.0,31468,https://www.kinopoisk.ru/film/484438/,США ,триллер, Пол Гринграсс,2013,134
Форсаж 5,7.0,54699,https://www.kinopoisk.ru/film/496943/,США ,боевик, Джастин Лин,2011,130
Всегда говори «ДА»,7.0,17223,https://www.kinopoisk.ru/film/391772/,США ,комедия, Пейтон Рид,2008,104
Босиком по мостовой,7.0,26609,https://www.kinopoisk.ru/film/81584/,Германия ,драма, Тиль Швайгер,2005,110
Казино Рояль,7.0,11740,https://www.kinopoisk.ru/film/49844/,США ,боевик, Мартин Кэмпбелл,2006,139
Вызов,7.0,317272,https://www.kinopoisk.ru/film/4448519/,Россия ,драма, Клим Шипенко,2023,164
Общество снега,7.0,23102,https://www.kinopoisk.ru/film/4745702/,Испания ,триллер, Хуан Антонио Байона,2023,144
Кошмар перед Рождеством,7.0,13511,https://www.kinopoisk.ru/film/8222/,США ,мультфильм, Генри Селик,1993,76
Капитан Фантастик,7.0,15377,https://www.kinopoisk.ru/film/841147/,США ,драма, Мэтт Росс,2016,118
Весна на Заречной улице,7.0,36490,https://www.kinopoisk.ru/film/45748/,СССР ,драма, Марлен Хуциев,1956,90
Охотники за головами,7.0,23882,https://www.kinopoisk.ru/film/526812/,Норвегия ,боевик, Мортен Тильдум,2011,100
Повезло с братом,7.0,15610,https://www.kinopoisk.ru/film/1009254/,Корея Южная ,драма, Чхве Сон-хён,2018,120
Дэдпул,7.0,38690,https://www.kinopoisk.ru/film/462360/,США ,боевик, Тим Миллер,2016,108
Социальная сеть,7.0,27128,https://www.kinopoisk.ru/film/427198/,США ,драма, Дэвид Финчер,2010,120
Я шагаю по Москве,7.0,16647,https://www.kinopoisk.ru/film/42398/,СССР ,мелодрама, Георгий Данелия,1963,78
12 обезьян,7.0,10323,https://www.kinopoisk.ru/film/502/,США ,фантастика, Терри Гиллиам,1995,129
Звёздные войны: Эпизод 4 – Новая надежда,7.0,15021,https://www.kinopoisk.ru/film/333/,США ,фантастика, Джордж Лукас,1977,121
Меч короля,7.0,86832,https://www.kinopoisk.ru/film/4991138/,Дания ,драма, Николай Арсель,2023,127
Полночь в Париже,7.0,18364,https://www.kinopoisk.ru/film/504465/,США ,фэнтези, Вуди Аллен,2011,94
Одержимость,7.0,36466,https://www.kinopoisk.ru/film/23737/,США ,триллер, Пол Макгиган,2004,114
Адамовы яблоки,7.0,15495,https://www.kinopoisk.ru/film/81691/,Дания ,драма, Андерс Томас Йенсен,2005,91
Догмен,7.0,460613,https://www.kinopoisk.ru/film/4922959/,Франция ,драма, Люк Бессон,2023,113
Жмурки,7.0,97279,https://www.kinopoisk.ru/film/84830/,Россия ,комедия, Алексей Балабанов,2005,111
Мой ужасный сосед,7.0,20552,https://www.kinopoisk.ru/film/1074910/,Швеция ,драма, Марк Форстер,2022,126
Быстрее пули,7.0,59677,https://www.kinopoisk.ru/film/1392550/,США ,боевик, Дэвид Литч,2022,126
Kingsman: Секретная служба,7.0,33705,https://www.kinopoisk.ru/film/749540/,Великобритания ,боевик, Мэттью Вон,2015,130
Шерлок Холмс: Игра теней,7.0,16008,https://www.kinopoisk.ru/film/474953/,США ,боевик, Гай Ричи,2011,128
Эта дурацкая любовь,7.0,15726,https://www.kinopoisk.ru/film/493992/,США ,мелодрама, Гленн Фикарра,2011,118
Звёздные войны: Эпизод 1 – Скрытая угроза,7.0,19460,https://www.kinopoisk.ru/film/6695/,США ,фантастика, Джордж Лукас,1999,136
Её заветное желание,6.9,30229,https://www.kinopoisk.ru/film/1398967/,Япония ,аниме, Котаро Тамура,2020,99
Таинственная река,6.9,10466,https://www.kinopoisk.ru/film/3730/,США ,триллер, Клинт Иствуд,2003,138
Обитель зла,6.9,30777,https://www.kinopoisk.ru/film/801/,США ,ужасы, Пол У. С. Андерсон,2002,100
1917,6.9,12511,https://www.kinopoisk.ru/film/1171976/,Великобритания ,военный, Сэм Мендес,2019,119
«V» значит Вендетта,6.9,10650,https://www.kinopoisk.ru/film/86208/,Великобритания ,фантастика, Джеймс МакТиг,2006,132
Одаренная,6.9,18179,https://www.kinopoisk.ru/film/929348/,США ,драма, Марк Уэбб,2017,101
"Человек, который изменил всё",6.9,26352,https://www.kinopoisk.ru/film/432791/,США ,драма, Беннетт Миллер,2011,133
Мальчик и птица,6.9,88848,https://www.kinopoisk.ru/film/1071383/,Япония ,аниме, Хаяо Миядзаки,2023,124
Старик,6.9,27772,https://www.kinopoisk.ru/film/711443/,Казахстан ,триллер, Ермек Турсунов,2012,102
Хулиганы,6.9,11025,https://www.kinopoisk.ru/film/77444/,Великобритания ,драма, Лекси Александр,2005,109
Час пик,6.9,13690,https://www.kinopoisk.ru/film/6345/,США ,боевик, Бретт Рэтнер,1998,98
"Я, робот",6.9,28087,https://www.kinopoisk.ru/film/4886/,США ,фантастика, Алекс Пройас,2004,115
Зловещие мертвецы 2,6.9,8671,https://www.kinopoisk.ru/film/2918/,США ,ужасы, Сэм Рэйми,1987,84
Мстители,6.9,33727,https://www.kinopoisk.ru/film/263531/,США ,фантастика, Джосс Уидон,2012,137
Гнев человеческий,6.9,252231,https://www.kinopoisk.ru/film/1318972/,Великобритания ,боевик, Гай Ричи,2021,119
Легкое поведение,6.9,27279,https://www.kinopoisk.ru/film/258774/,Великобритания ,мелодрама, Стефан Эллиотт,2008,97
"Руслан и Людмила. Больше, чем сказка",6.9,118129,https://www.kinopoisk.ru/film/5356063/,Россия ,мультфильм, Алексей Цицилин,2023,95
CODA: Ребенок глухих родителей,6.9,5155,https://www.kinopoisk.ru/film/1311466/,Франция ,драма, Шан Хейдер,2020,111
Матч поинт,6.9,24009,https://www.kinopoisk.ru/film/81530/,США ,триллер, Вуди Аллен,2005,124
Гран туризмо,6.9,67346,https://www.kinopoisk.ru/film/1044002/,США ,боевик, Нил Бломкамп,2023,134
Бесстрашный,6.9,24180,https://www.kinopoisk.ru/film/102161/,Китай ,боевик, Ронни Юй,2006,104
Талантливый мистер Рипли,6.9,11285,https://www.kinopoisk.ru/film/5558/,США ,триллер, Энтони Мингелла,1999,139
1408,6.9,16859,https://www.kinopoisk.ru/film/195563/,США ,ужасы, Микаэль Хофстрём,2007,104
Гадкий я,6.9,139378,https://www.kinopoisk.ru/film/432724/,США ,мультфильм, Пьер Коффан,2010,95
Дитя погоды,6.9,34328,https://www.kinopoisk.ru/film/1219417/,Япония ,аниме, Макото Синкай,2019,112
